id_precio;id_clinica;id_especialidad;id_prestacion;valor
1;1;1;1;55000
2;1;1;4;70000
3;1;1;5;40000
4;1;2;8;90000
5;1;2;9;45000
6;1;2;10;75000
7;1;3;12;50000
8;1;3;15;25000
9;1;4;17;45000
10;1;4;18;35000
11;1;4;19;25000
12;1;5;21;35000
13;1;5;22;25000
14;1;5;23;25000
15;1;5;24;55000
16;1;6;26;80000
17;1;6;28;75000
18;1;6;30;50000
19;1;7;31;25000
20;1;7;34;30000
21;1;7;35;30000
22;1;8;36;50000
23;1;8;39;60000
24;1;8;40;80000
25;1;9;43;75000
26;1;9;44;45000
27;1;10;49;45000
28;1;11;54;45000
29;1;11;55;40000
30;1;12;56;75000
31;1;12;60;30000
32;1;14;69;75000
33;1;1;3;45000
34;1;11;51;45000
35;1;10;47;40000
36;1;14;70;75000
37;1;10;50;30000
38;1;2;6;75000
39;2;1;1;85000
40;2;1;2;35000
41;2;1;3;55000
42;2;1;5;60000
43;2;2;7;35000
44;2;2;10;80000
45;2;3;11;40000
46;2;3;14;35000
47;2;3;15;85000
48;2;4;16;45000
49;2;4;18;90000
50;2;5;22;25000
51;2;5;24;50000
52;2;5;25;80000
53;2;6;26;50000
54;2;6;28;65000
55;2;7;31;90000
56;2;7;33;90000
57;2;7;35;50000
58;2;8;36;55000
59;2;8;37;70000
60;2;8;38;80000
61;2;9;41;40000
62;2;9;43;75000
63;2;9;44;60000
64;2;9;45;70000
65;2;10;46;25000
66;2;10;50;45000
67;2;11;52;35000
68;2;11;54;60000
69;2;12;57;80000
70;2;13;65;25000
71;2;14;66;30000
72;2;14;67;30000
73;2;14;68;85000
74;2;14;69;75000
75;3;1;4;45000
76;3;1;5;40000
77;3;2;6;25000
78;3;2;9;35000
79;3;3;11;80000
80;3;3;14;75000
81;3;3;15;60000
82;3;4;18;35000
83;3;4;20;85000
84;3;5;23;65000
85;3;6;30;80000
86;3;7;31;35000
87;3;7;32;35000
88;3;7;33;40000
89;3;8;37;85000
90;3;9;42;65000
91;3;9;43;80000
92;3;10;49;35000
93;3;11;53;35000
94;3;11;55;55000
95;3;12;56;80000
96;3;12;57;90000
97;3;13;61;65000
98;3;14;67;40000
99;3;14;70;65000
100;4;1;4;25000
101;4;1;5;45000
102;4;2;7;85000
103;4;2;8;85000
104;4;2;9;45000
105;4;3;11;80000
106;4;3;15;65000
107;4;4;17;90000
108;4;4;20;65000
109;4;5;21;55000
110;4;5;24;40000
111;4;6;26;30000
112;4;7;33;25000
113;4;8;39;35000
114;4;8;40;55000
115;4;9;44;35000
116;4;9;45;55000
117;4;10;46;90000
118;4;10;48;55000
119;4;10;50;30000
120;4;11;51;35000
121;4;11;52;25000
122;4;12;58;50000
123;4;12;59;35000
124;4;13;61;25000
125;4;14;67;45000
126;4;14;68;80000
127;4;14;69;45000
128;5;1;1;75000
129;5;1;2;30000
130;5;1;3;40000
131;5;1;5;85000
132;5;2;9;85000
133;5;2;10;70000
134;5;3;11;90000
135;5;3;13;50000
136;5;3;14;75000
137;5;4;17;55000
138;5;4;18;45000
139;5;4;19;70000
140;5;5;21;35000
141;5;5;22;25000
142;5;5;23;35000
143;5;6;27;75000
144;5;6;30;35000
145;5;7;31;65000
146;5;7;32;50000
147;5;7;33;50000
148;5;8;37;30000
149;5;10;50;55000
150;5;12;57;60000
151;5;12;58;30000
152;5;13;63;35000
153;5;14;68;80000
154;5;14;70;55000
155;6;1;2;60000
156;6;1;4;35000
157;6;1;5;35000
158;6;2;6;45000
159;6;2;8;80000
160;6;2;9;75000
161;6;3;13;30000
162;6;3;14;30000
163;6;4;17;45000
164;6;4;19;90000
165;6;5;25;30000
166;6;6;29;80000
167;6;7;35;70000
168;6;8;36;85000
169;6;8;38;35000
170;6;9;41;40000
171;6;9;44;35000
172;6;9;45;50000
173;6;10;47;65000
174;6;11;52;35000
175;6;11;55;65000
176;6;12;57;25000
177;6;13;61;80000
178;6;13;63;80000
179;6;14;66;45000
180;6;14;67;75000
181;6;14;70;45000
182;7;1;1;55000
183;7;1;2;25000
184;7;1;4;70000
185;7;3;13;55000
186;7;3;15;35000
187;7;4;19;75000
188;7;4;20;45000
189;7;5;22;45000
190;7;5;23;65000
191;7;7;31;30000
192;7;7;34;70000
193;7;8;40;90000
194;7;9;43;70000
195;7;10;49;65000
196;7;11;55;40000
197;7;12;59;45000
198;7;13;62;70000
199;7;13;63;55000
200;7;14;66;35000
201;7;14;69;25000
202;7;14;70;55000
203;8;1;1;35000
204;8;1;3;55000
205;8;2;6;45000
206;8;2;7;50000
207;8;2;9;25000
208;8;3;11;40000
209;8;3;12;40000
210;8;3;14;40000
211;8;4;18;45000
212;8;5;21;80000
213;8;5;23;50000
214;8;6;29;65000
215;8;7;32;35000
216;8;8;37;70000
217;8;8;38;40000
218;8;8;39;75000
219;8;8;40;25000
220;8;9;43;55000
221;8;10;46;60000
222;8;10;47;65000
223;8;10;50;65000
224;8;11;53;45000
225;8;11;55;45000
226;8;12;58;35000
227;8;12;60;80000
228;8;13;63;25000
229;8;14;69;70000
230;9;1;1;50000
231;9;1;2;75000
232;9;1;3;35000
233;9;1;4;75000
234;9;1;5;35000
235;9;2;9;60000
236;9;2;10;55000
237;9;3;11;75000
238;9;3;12;80000
239;9;3;13;80000
240;9;3;14;45000
241;9;3;15;55000
242;9;4;17;55000
243;9;4;19;55000
244;9;5;21;55000
245;9;5;25;60000
246;9;6;27;35000
247;9;6;28;70000
248;9;6;30;60000
249;9;8;36;35000
250;9;8;37;65000
251;9;8;39;65000
252;9;8;40;55000
253;9;9;42;45000
254;9;10;47;90000
255;9;10;48;40000
256;9;10;49;85000
257;9;11;52;70000
258;9;11;53;55000
259;9;11;54;30000
260;9;11;55;40000
261;9;12;59;75000
262;9;13;61;40000
263;9;13;62;70000
264;9;14;66;60000
265;10;1;2;90000
266;10;2;9;25000
267;10;2;10;40000
268;10;3;12;25000
269;10;3;13;75000
270;10;5;24;90000
271;10;5;25;25000
272;10;6;28;65000
273;10;7;32;55000
274;10;7;33;25000
275;10;8;37;45000
276;10;9;41;55000
277;10;9;42;50000
278;10;9;43;70000
279;10;9;44;25000
280;10;10;46;35000
281;10;10;47;40000
282;10;10;48;45000
283;10;12;57;40000
284;10;12;60;30000
285;10;13;61;55000
286;10;13;62;90000
287;10;14;68;55000
288;11;1;1;85000
289;11;2;7;45000
290;11;2;9;35000
291;11;2;10;40000
292;11;3;14;50000
293;11;3;15;25000
294;11;4;17;55000
295;11;4;19;40000
296;11;5;24;50000
297;11;5;25;75000
298;11;6;29;40000
299;11;7;32;70000
300;11;7;33;55000
301;11;9;42;35000
302;11;11;51;30000
303;11;11;53;60000
304;11;11;54;35000
305;11;12;57;70000
306;11;12;58;35000
307;11;13;62;85000
308;11;13;64;40000
309;11;14;69;85000
310;11;14;70;50000
311;12;1;3;75000
312;12;2;7;40000
313;12;3;15;80000
314;12;4;18;60000
315;12;6;27;75000
316;12;6;28;50000
317;12;6;30;75000
318;12;7;31;35000
319;12;7;33;50000
320;12;7;35;55000
321;12;8;36;50000
322;12;9;43;85000
323;12;9;45;40000
324;12;10;47;80000
325;12;10;49;30000
326;12;11;51;90000
327;12;11;52;40000
328;12;11;53;70000
329;12;12;58;25000
330;12;12;60;45000
331;12;13;63;35000
332;12;13;64;80000
333;12;13;65;70000
334;12;14;66;90000
335;12;14;68;90000
336;13;1;2;70000
337;13;1;3;35000
338;13;1;4;40000
339;13;2;6;40000
340;13;2;9;75000
341;13;3;11;50000
342;13;3;12;50000
343;13;4;16;40000
344;13;4;17;25000
345;13;4;18;90000
346;13;4;20;75000
347;13;5;21;35000
348;13;5;22;70000
349;13;5;25;70000
350;13;6;29;85000
351;13;6;30;85000
352;13;7;32;55000
353;13;7;35;80000
354;13;8;36;40000
355;13;9;41;50000
356;13;9;44;30000
357;13;9;45;65000
358;13;10;47;70000
359;13;10;49;35000
360;13;11;51;80000
361;13;11;55;30000
362;13;12;60;75000
363;13;13;61;60000
364;14;1;2;25000
365;14;1;3;75000
366;14;2;6;85000
367;14;2;7;90000
368;14;2;9;50000
369;14;3;14;40000
370;14;4;16;40000
371;14;4;18;55000
372;14;4;20;60000
373;14;5;21;30000
374;14;5;22;35000
375;14;5;25;45000
376;14;6;26;90000
377;14;6;27;30000
378;14;7;31;85000
379;14;7;32;30000
380;14;7;35;55000
381;14;9;41;65000
382;14;9;45;90000
383;14;10;47;80000
384;14;10;48;80000
385;14;10;49;65000
386;14;11;53;55000
387;14;11;54;55000
388;14;12;56;40000
389;14;12;59;25000
390;14;13;61;55000
391;14;13;63;25000
392;14;13;64;70000
393;15;1;2;60000
394;15;2;6;45000
395;15;2;8;50000
396;15;3;12;30000
397;15;3;13;55000
398;15;4;20;75000
399;15;5;24;65000
400;15;5;25;35000
401;15;6;28;70000
402;15;6;29;80000
403;15;7;31;35000
404;15;7;33;60000
405;15;7;34;30000
406;15;7;35;25000
407;15;8;38;40000
408;15;8;39;65000
409;15;8;40;55000
410;15;9;41;45000
411;15;9;42;80000
412;15;9;43;30000
413;15;9;44;85000
414;15;11;53;50000
415;15;11;54;25000
416;15;11;55;55000
417;15;12;57;30000
418;15;13;63;70000
419;15;14;67;80000
420;15;14;68;30000
421;16;1;4;35000
422;16;2;8;75000
423;16;3;12;55000
424;16;3;14;75000
425;16;4;16;75000
426;16;5;23;30000
427;16;5;24;35000
428;16;5;25;80000
429;16;6;28;50000
430;16;6;29;80000
431;16;7;32;45000
432;16;7;34;45000
433;16;8;36;25000
434;16;8;37;70000
435;16;8;38;50000
436;16;8;40;85000
437;16;9;44;35000
438;16;9;45;60000
439;16;10;48;50000
440;16;10;50;30000
441;16;11;51;65000
442;16;11;53;70000
443;16;11;55;35000
444;16;12;57;55000
445;16;12;60;85000
446;16;13;61;45000
447;16;13;65;25000
448;16;14;67;30000
449;16;14;68;60000
450;17;2;9;25000
451;17;3;11;55000
452;17;3;12;55000
453;17;3;14;80000
454;17;3;15;30000
455;17;4;20;90000
456;17;5;21;80000
457;17;5;22;35000
458;17;5;23;40000
459;17;5;24;30000
460;17;6;26;25000
461;17;6;28;35000
462;17;6;29;70000
463;17;7;33;40000
464;17;7;34;55000
465;17;8;36;75000
466;17;8;37;60000
467;17;8;38;80000
468;17;8;39;90000
469;17;9;41;90000
470;17;9;42;35000
471;17;9;43;60000
472;17;9;45;50000
473;17;10;46;60000
474;17;10;47;30000
475;17;10;48;50000
476;17;10;50;35000
477;17;11;52;90000
478;17;11;55;80000
479;17;12;57;40000
480;17;12;60;50000
481;17;13;61;65000
482;17;14;68;60000
483;18;1;2;40000
484;18;3;11;90000
485;18;3;12;25000
486;18;3;13;65000
487;18;3;14;75000
488;18;4;16;40000
489;18;4;19;45000
490;18;4;20;45000
491;18;5;21;25000
492;18;5;23;90000
493;18;6;29;85000
494;18;7;32;45000
495;18;7;33;85000
496;18;8;36;75000
497;18;8;39;55000
498;18;9;43;35000
499;18;10;50;65000
500;18;11;51;35000
501;18;11;53;50000
502;18;11;55;75000
503;18;12;56;35000
504;18;12;58;55000
505;18;12;60;75000
506;18;14;66;80000
507;18;14;67;30000
508;19;2;6;55000
509;19;3;14;35000
510;19;4;17;85000
511;19;4;18;55000
512;19;4;19;75000
513;19;5;24;55000
514;19;6;27;25000
515;19;6;30;75000
516;19;7;34;85000
517;19;8;36;75000
518;19;8;37;70000
519;19;8;39;50000
520;19;8;40;65000
521;19;9;42;55000
522;19;9;44;25000
523;19;10;46;60000
524;19;10;47;35000
525;19;10;48;75000
526;19;11;51;50000
527;19;11;53;55000
528;19;11;55;60000
529;19;12;56;90000
530;19;12;58;25000
531;19;12;60;25000
532;19;13;61;30000
533;19;13;62;50000
534;19;13;65;80000
535;19;14;67;30000
536;20;1;2;55000
537;20;2;7;40000
538;20;2;9;30000
539;20;3;11;60000
540;20;3;13;40000
541;20;3;15;70000
542;20;4;17;50000
543;20;4;20;45000
544;20;5;21;55000
545;20;5;23;70000
546;20;6;26;65000
547;20;6;27;25000
548;20;6;29;60000
549;20;6;30;85000
550;20;7;35;85000
551;20;8;37;60000
552;20;8;39;75000
553;20;8;40;45000
554;20;9;45;50000
555;20;10;46;60000
556;20;10;47;25000
557;20;10;48;60000
558;20;10;50;25000
559;20;11;51;30000
560;20;11;53;80000
561;20;12;56;45000
562;20;13;61;70000
563;20;13;62;25000
564;20;13;64;70000
565;20;14;69;70000
